-- phpMyAdmin SQL Dump
-- version 4.7.9
-- https://www.phpmyadmin.net/
--
-- Servidor: 127.0.0.1
-- Tiempo de generación: 02-05-2018 a las 16:19:52
-- Versión del servidor: 10.1.31-MariaDB
-- Versión de PHP: 5.6.34

SET SQL_MODE = "NO_AUTO_VALUE_ON_ZERO";
SET AUTOCOMMIT = 0;
START TRANSACTION;
SET time_zone = "+00:00";


/*!40101 SET @OLD_CHARACTER_SET_CLIENT=@@CHARACTER_SET_CLIENT */;
/*!40101 SET @OLD_CHARACTER_SET_RESULTS=@@CHARACTER_SET_RESULTS */;
/*!40101 SET @OLD_COLLATION_CONNECTION=@@COLLATION_CONNECTION */;
/*!40101 SET NAMES utf8mb4 */;

--
-- Base de datos: `simplestock`
--

-- --------------------------------------------------------

--
-- Estructura de tabla para la tabla `categorias`
--

CREATE TABLE `categorias` (
  `id_categoria` int(11) NOT NULL,
  `nombre_categoria` varchar(255) CHARACTER SET utf8 COLLATE utf8_unicode_ci NOT NULL,
  `descripcion_categoria` varchar(255) NOT NULL,
  `date_added` datetime NOT NULL
) ENGINE=MyISAM DEFAULT CHARSET=utf8;

--
-- Volcado de datos para la tabla `categorias`
--

INSERT INTO `categorias` (`id_categoria`, `nombre_categoria`, `descripcion_categoria`, `date_added`) VALUES
(10, 'SEÃ‘ALAMIENTOS', 'CATÃ€LOGO DE SEÃ‘ALAMIENTOS', '2018-04-12 19:56:20'),
(11, 'EQUIPO CONTRA INCENDIO', 'CATÃ€LOGO DE EQUIPOS CONTRA INCENDIO', '2018-04-12 19:57:05'),
(13, 'RECARGAS DE EXTINTORES', 'Codigo para Recarga de extintores', '2018-04-23 00:00:00');

-- --------------------------------------------------------

--
-- Estructura de tabla para la tabla `clientes`
--

CREATE TABLE `clientes` (
  `id` int(11) NOT NULL,
  `nombre` varchar(255) NOT NULL,
  `telefono` varchar(100) NOT NULL,
  `email` varchar(64) NOT NULL,
  `direccion` varchar(255) NOT NULL,
  `colonia` varchar(100) CHARACTER SET ascii NOT NULL,
  `nombre_comercio` varchar(200) CHARACTER SET ascii NOT NULL,
  `ciudad` varchar(200) CHARACTER SET ascii NOT NULL,
  `id_trabajador` int(200) NOT NULL
) ENGINE=InnoDB DEFAULT CHARSET=latin1;

-- --------------------------------------------------------

--
-- Estructura de tabla para la tabla `detalle`
--

CREATE TABLE `detalle` (
  `id` int(11) NOT NULL,
  `descripcion` varchar(255) COLLATE utf8_unicode_ci NOT NULL,
  `cantidad` int(11) NOT NULL,
  `precio` decimal(10,2) NOT NULL,
  `id_presupuesto` int(11) NOT NULL
) ENGINE=MyISAM DEFAULT CHARSET=utf8 COLLATE=utf8_unicode_ci;

--
-- Volcado de datos para la tabla `detalle`
--

INSERT INTO `detalle` (`id`, `descripcion`, `cantidad`, `precio`, `id_presupuesto`) VALUES
(1, 'extintor', 2, '100.00', 1),
(2, 'vdfg', 2, '100.00', 2),
(3, 'sdvsv', 2, '100.00', 3),
(4, 'edfsd', 2, '100.00', 4),
(5, 'fsff', 10, '100.00', 5),
(6, 'extinrt', 2, '500.00', 6),
(7, 'extintor color color rojo 2KG', 2, '100.00', 7),
(8, 'extint', 2, '50.00', 8),
(9, 'extintor rojo de 2KG', 10, '50.00', 9),
(10, 'DETECTOR DE HUMO ', 2, '100.00', 10),
(11, 'DETECTOR DE HUMO', 3, '100.00', 11),
(12, 'DETECTOR DE HUMO ', 10, '50.00', 12),
(13, 'DETECTOR DE HUMO', 10, '100.00', 13),
(14, 'DETECTOR DE HUMO  MODELO 304', 10, '500.00', 14),
(15, 'DETECTOR DE HUMO MODELO 302', 10, '50.00', 15),
(16, 'extintor co2', 2, '50.00', 16),
(17, 'MANOMETRO 1.7', 2, '100.00', 17),
(18, 'EMPAQUE', 1, '50.00', 17),
(19, 'Extintor tipo c', 10, '100.00', 18),
(20, ' 001-01N extintor', 10, '100.00', 19),
(21, 'EXTINTOR BLANCO', 2, '100.00', 20),
(22, '001-20N extintor ', 3, '100.00', 21),
(23, '001-20N SEÃ‘ALAMIENTO 20X20', 2, '100.00', 22),
(24, 'exintor mod214', 10, '100.00', 23);

-- --------------------------------------------------------

--
-- Estructura de tabla para la tabla `historial`
--

CREATE TABLE `historial` (
  `id_historial` int(11) NOT NULL,
  `id_producto` int(11) NOT NULL,
  `user_id` int(11) NOT NULL,
  `fecha` datetime NOT NULL,
  `nota` varchar(255) NOT NULL,
  `referencia` varchar(100) NOT NULL,
  `cantidad` int(11) NOT NULL
) ENGINE=InnoDB DEFAULT CHARSET=latin1;

-- --------------------------------------------------------

--
-- Estructura de tabla para la tabla `perfil`
--

CREATE TABLE `perfil` (
  `id` int(11) NOT NULL,
  `nombre_comercial` varchar(255) NOT NULL,
  `propietario` varchar(255) NOT NULL,
  `telefono` varchar(30) NOT NULL,
  `direccion` varchar(255) NOT NULL,
  `email` varchar(64) NOT NULL,
  `web` varchar(100) NOT NULL
) ENGINE=InnoDB DEFAULT CHARSET=latin1;

--
-- Volcado de datos para la tabla `perfil`
--

INSERT INTO `perfil` (`id`, `nombre_comercial`, `propietario`, `telefono`, `direccion`, `email`, `web`) VALUES
(1, 'Proveedora de Seguridad Empresarial EXTIN-PROSEM', 'Leticia Poot Caamal', '+044 983-114-28-03', 'C.5 Lote 27 Mza. 483 entre Corozal y 27 de Sep.\r\n                    <br />\r\n                    Col PROTERRITORIO.<br />', 'extinletty@hotmail.com', 'www.extinprosem.com');

-- --------------------------------------------------------

--
-- Estructura de tabla para la tabla `presupuestos`
--

CREATE TABLE `presupuestos` (
  `id` int(11) NOT NULL,
  `fecha` datetime NOT NULL,
  `id_cliente` int(11) NOT NULL,
  `descripcion` varchar(255) NOT NULL,
  `monto` decimal(10,2) NOT NULL
) ENGINE=InnoDB DEFAULT CHARSET=latin1;

--
-- Volcado de datos para la tabla `presupuestos`
--

INSERT INTO `presupuestos` (`id`, `fecha`, `id_cliente`, `descripcion`, `monto`) VALUES
(1, '2018-04-11 20:19:36', 2, 'detalle del presupuesto', '200.00'),
(2, '2018-04-11 20:20:36', 2, 'ffdfd', '200.00'),
(3, '2018-04-11 20:23:53', 2, 'fggdfg', '200.00'),
(4, '2018-04-11 20:25:35', 2, 'dff', '200.00'),
(5, '2018-04-11 20:26:40', 2, 'fv', '1000.00'),
(6, '2018-04-11 20:27:52', 2, 'estintr', '1000.00'),
(7, '2018-04-11 20:35:15', 2, 'presupuesto de 10 extintores', '200.00'),
(8, '2018-04-11 20:36:02', 2, 'terr', '100.00'),
(9, '2018-04-11 20:42:22', 2, 'presupuesto para 10 extintores a la venta', '500.00'),
(10, '2018-04-11 20:45:47', 2, 'PRESUPUESTO PARA 10 EXTINTORES', '200.00'),
(11, '2018-04-11 20:46:19', 2, 'DETECTORES DE HUMO', '300.00'),
(12, '2018-04-11 20:47:03', 2, '10 DETECTORES  DE HUMO', '500.00'),
(13, '2018-04-11 20:47:52', 2, 'DETECTORES DE HUMO', '1000.00'),
(14, '2018-04-11 20:49:16', 2, 'PRESUPUESTO DE 20 DETECTORES DE HUMO', '5000.00'),
(15, '2018-04-11 20:51:04', 2, 'PRESUPUESTO DE 10 DETECTORES DE HUMO', '500.00'),
(16, '2018-04-11 21:14:44', 2, 'extintores', '100.00'),
(17, '2018-04-11 21:20:25', 2, 'MANÃ’METROS', '290.00'),
(18, '2018-04-12 16:06:26', 2, '20 extintores tipo c', '1160.00'),
(19, '2018-04-12 21:29:21', 3, 'venta de 10 extintores', '1160.00'),
(20, '2018-04-12 23:29:14', 2, 'PRESUPUESTO DE 2 EXTINTORES TIPO B', '232.00'),
(21, '2018-04-13 18:12:42', 2, 'venta de 3 extintores', '348.00'),
(22, '2018-04-20 18:00:22', 2, 'venta 2 ex', '232.00'),
(23, '2018-04-23 23:47:24', 2, 'venta de 10 equipos de extintores', '1160.00');

-- --------------------------------------------------------

--
-- Estructura de tabla para la tabla `products`
--

CREATE TABLE `products` (
  `id_producto` int(11) NOT NULL,
  `codigo_producto` char(20) NOT NULL,
  `nombre_producto` char(255) NOT NULL,
  `date_added` datetime NOT NULL,
  `precio_producto` double NOT NULL,
  `stock` int(11) NOT NULL,
  `id_categoria` int(11) NOT NULL
) ENGINE=InnoDB DEFAULT CHARSET=utf8;

--
-- Volcado de datos para la tabla `products`
--

INSERT INTO `products` (`id_producto`, `codigo_producto`, `nombre_producto`, `date_added`, `precio_producto`, `stock`, `id_categoria`) VALUES
(1, '001-20N', 'RUTA DE EVACUACI?N DER 20X20 MOD.NORMAL', '0000-00-00 00:00:00', 0, 14, 10),
(3, '001-25N', 'RUTA DE EVACUACI?N DER 25X25 MOD.NORMAL', '0000-00-00 00:00:00', 0, 7, 10),
(4, '001-25F', 'RUTA DE EVACUACI?N DER 25X25 MOD.FOTOLUMINISCENTE', '0000-00-00 00:00:00', 0, 5, 10),
(5, '001-40N', 'RUTA DE EVACUACI?N DER 40X40 MOD.NORMAL', '0000-00-00 00:00:00', 0, 0, 10),
(6, '001-40F', 'RUTA DE EVACUACI?N DER 40X40 MOD.FOTOLUMINISCENTE', '0000-00-00 00:00:00', 0, 0, 10),
(7, '002-20N', 'RUTA DE EVACUACI?N IZQ  20X20 MOD.NORMAL', '0000-00-00 00:00:00', 0, 12, 10),
(8, '002-25N', 'RUTA DE EVACUACI?N IZQ ?25X25 MOD.NORMAL', '0000-00-00 00:00:00', 0, 6, 10),
(9, '003-25N', 'SALIDA DE EMERGENCIA DER 25X25 MOD NORMAL', '0000-00-00 00:00:00', 0, 16, 10),
(10, '004-25N', 'SALIDA DE EMERGENCIA IZQ 25X25 MOD NORMAL', '0000-00-00 00:00:00', 0, 20, 10),
(11, '005-25N', 'SALIDA DE EMERGENCIA DER 25X25 MOD NORMAL', '0000-00-00 00:00:00', 0, 16, 10),
(12, '005-25F', 'SALIDA DE EMERGENCIA DER 25X25 MOD FOTOLUMINISCENTE', '0000-00-00 00:00:00', 0, 4, 10),
(13, '006-25N', 'SALIDA DE EMERGENCIA IZQ 25X25 MOD.NORMAL', '0000-00-00 00:00:00', 0, 4, 10),
(14, '006-25F', 'SALIDA DE EMERGENCIA IZQ 25X25 MOD.FOTOLUMINISCENTE', '0000-00-00 00:00:00', 0, 4, 10),
(15, '007-25N', 'ZONA DE MENOR RIESGO 25X25 MOD.NORMAL', '0000-00-00 00:00:00', 0, 3, 10),
(16, '007-40N', 'ZONA DE MENOR RIESGO 40X40 MOD.NORMAL', '0000-00-00 00:00:00', 0, 0, 10),
(17, '008-25N', 'PUNTO DE REUNI?N  25X25 MOD.NORMAL', '0000-00-00 00:00:00', 0, 18, 10),
(18, '008-40N', 'PUNTO DE REUNI?N  40X40 MOD.NORMAL', '0000-00-00 00:00:00', 0, 9, 10),
(19, '009-25N', 'CAMILLA 25X25 MOD.NORMAL', '0000-00-00 00:00:00', 0, 0, 10),
(20, '009-40N', 'CAMILLA 40X40 MOD.NORMAL', '0000-00-00 00:00:00', 0, 0, 10),
(21, '010-25N', 'RUTA DE EVACUACI?N SOLO FLECHA 25X25 MOD.NORMAL', '0000-00-00 00:00:00', 0, 0, 10),
(22, '010-40N', 'RUTA DE EVACUACI?N SOLO FLECHA 40X40 MOD.NORMAL', '0000-00-00 00:00:00', 0, 0, 10),
(23, '011-2025N', 'SALIDA DE EMERGENCIA DER  20X25 SOLO IMAGEN', '0000-00-00 00:00:00', 0, 3, 10),
(24, '012-2025N', 'SALIDA DE EMERGENCIA IZQ 20X25 SOLO IMAGEN', '0000-00-00 00:00:00', 0, 1, 10),
(25, '013-2025N', 'SERVICIO M?DICO 20X25 MOD NORMAL', '0000-00-00 00:00:00', 0, 0, 10),
(26, '013-3040N', 'SERVICIO M?DICO 30X40 MOD NORMAL', '0000-00-00 00:00:00', 0, 0, 10),
(27, '014-2025F', 'BOTIQUIN 20X25 MOD FOTOLUMINISCENTE', '0000-00-00 00:00:00', 0, 0, 10),
(28, '014-3040N', 'BOTIQUIN 30X40 MOD NORMAL', '0000-00-00 00:00:00', 0, 4, 10),
(29, '015-2025N', 'PRIMEROS AUXILIOS 20X25  MOD NORMAL', '0000-00-00 00:00:00', 0, 7, 10),
(30, '015-3040N', 'PRIMEROS AUXILIOS 30X40  MOD NORMAL', '0000-00-00 00:00:00', 0, 2, 10),
(31, '016-2025N', 'LAVAOJOS 20X25 MOD NORMAL', '0000-00-00 00:00:00', 0, 0, 10),
(32, '016-3040N', 'LAVAOJOS 30X40 MOD NORMAL', '0000-00-00 00:00:00', 0, 0, 10),
(33, '017-2025N', 'REGADERAS 20X25 MOD NORMAL', '0000-00-00 00:00:00', 0, 0, 10),
(34, '017-3040N', 'REGADERAS 30X40 MOD NORMAL', '0000-00-00 00:00:00', 0, 2, 10),
(35, '018-25N', 'CENTRO DE ACOPIO 25X25 MOD NORMAL', '0000-00-00 00:00:00', 0, 0, 10),
(36, '018-40N', 'CENTRO DE ACOPIO 40X40 MOD NORMAL', '0000-00-00 00:00:00', 0, 0, 10),
(37, '019-25N', 'REFUGIO TEMPORAL 25X25 MOD NORMAL', '0000-00-00 00:00:00', 0, 0, 10),
(38, '019-40N', 'REFUGIO TEMPORAL 40X40 MOD NORMAL', '0000-00-00 00:00:00', 0, 0, 10),
(39, '020-25N', 'PUESTO DE MANDO 25X25 MOD NORMAL', '0000-00-00 00:00:00', 0, 5, 10),
(40, '020-40N', 'PUESTO DE MANDO 40X40 MOD NORMAL', '0000-00-00 00:00:00', 0, 2, 10),
(41, '021-25N', 'CENTRO DE TRIAGE 25X25 MOD NORMAL', '0000-00-00 00:00:00', 0, 0, 10),
(42, '021-40N', 'CENTRO DE TRIAGE 40X40 MOD NORMAL', '0000-00-00 00:00:00', 0, 0, 10),
(43, '022-25N', 'CENTRO DE DISTRIBUCI?N 25X25 MOD NORMAL', '0000-00-00 00:00:00', 0, 2, 10),
(44, '022-40N', 'CENTRO DE DISTRIBUCI?N 40X40 MOD NORMAL', '0000-00-00 00:00:00', 0, 0, 10),
(45, '023-25N', 'CENTRO DE LOCALIZACI?N 25X25 MOD NORMAL', '0000-00-00 00:00:00', 0, 0, 10),
(46, '023-40N', 'CENTRO DE LOCALIZACI?N 40X40 MOD NORMAL', '0000-00-00 00:00:00', 0, 0, 10),
(47, '024-1520N', 'RUTA DE EVACUACI?N IZQ 15X20 MOD NORMAL', '0000-00-00 00:00:00', 0, 12, 10),
(48, '024-1530N', 'RUTA DE EVACUACI?N IZQ 15X30 MOD NORMAL', '0000-00-00 00:00:00', 0, 13, 10),
(49, '024-2040N', 'RUTA DE EVACUACI?N IZQ 20X40 MOD NORMAL', '0000-00-00 00:00:00', 0, 5, 10),
(50, '024-2040F', 'RUTA DE EVACUACI?N IZQ 20X40 MOD FOTOLUMINISCENTE', '0000-00-00 00:00:00', 0, 15, 10),
(51, '025-1520N', 'RUTA DE EVACUACI?N DER 15X20 MOD NORMAL', '0000-00-00 00:00:00', 0, 13, 10),
(52, '025-1530N', 'RUTA DE EVACUACI?N DER 15X30  MOD NORMAL', '0000-00-00 00:00:00', 0, 21, 10),
(53, '025-2040N', 'RUTA DE EVACUACI?N DER 20X40 MOD NORMAL', '0000-00-00 00:00:00', 0, 7, 10),
(54, '025-2040F', 'RUTA DE EVACUACI?N DER 20X40 MOD FOTOLUMINISCENTE', '0000-00-00 00:00:00', 0, 12, 10),
(55, '026-1520N', 'SALIDA DE EMERGENCIA 15X20 MOD NORMAL', '0000-00-00 00:00:00', 0, 12, 10),
(56, '026-1530N', 'SALIDA DE EMERGENCIA 15X30 MOD NORMAL', '0000-00-00 00:00:00', 0, 22, 10),
(57, '026-2040N', 'SALIDA DE EMERGENCIA 20X40 MOD NORMAL', '0000-00-00 00:00:00', 0, 8, 10),
(58, '026-2040F', 'SALIDA DE EMERGENCIA 20X40 MOD FOTOLUMISCENTE', '0000-00-00 00:00:00', 0, 7, 10),
(59, '026-3550N', 'SALIDA DE EMERGENCIA 35X50 MOD NORMAL', '0000-00-00 00:00:00', 0, 2, 10),
(60, '027-1530N', 'SALIDA DE EMERGENCIA/EMERGENCY EXIT 15X30 MOD NORMAL', '0000-00-00 00:00:00', 0, 2, 10),
(61, '027-2040N', 'SALIDA DE EMERGENCIA/EMERGENCY EXIT 20X40 MOD NORMAL', '0000-00-00 00:00:00', 0, 8, 10),
(62, '028-1530N', 'RUTA DE EVACUACI?N/EVACUATION ROUTE IZQ 15X30 MOD NORMAL', '0000-00-00 00:00:00', 0, 10, 10),
(63, '028-2040N', 'RUTA DE EVACUACI?N/EVACUATION ROUTE IZQ 20X40 MOD NORMAL', '0000-00-00 00:00:00', 0, 2, 10),
(64, '029-1530N', 'RUTA DE EVACUACI?N/EVACUATION ROUTE DER 15X30 MOD NORMAL', '0000-00-00 00:00:00', 0, 23, 10),
(65, '029-2040N', 'RUTA DE EVACUACI?N/EVACUATION ROUTE DER 20X40 MOD NORMAL', '0000-00-00 00:00:00', 0, 4, 10),
(66, '030-3440F', 'QUE HACER EN: SISMOS E INCENDIOS 34X40 MOD FOTOLUMINISCENTE', '0000-00-00 00:00:00', 0, 4, 10),
(67, '031-3440N', 'QU? HACER EN: SISMOS E INCENDIOS /TO DO IN CASE IN:34X40 MOD NORMAL', '0000-00-00 00:00:00', 0, 9, 10),
(68, '032-3440N', 'QU? HACER EN CASO DE INCENDIOS/FIRE HURACAN/HURRICANE 34X40 MOD NORMAL', '0000-00-00 00:00:00', 0, 19, 10),
(69, '032-5060N', 'QU? HACER EN CASO DE INCENDIOS/FIRE HURACAN/HURRICANE 50X60 MOD NORMAL', '0000-00-00 00:00:00', 0, 5, 10),
(70, '033-1520N', 'EXTINTOR 15X20 MOD NORMAL', '0000-00-00 00:00:00', 0, 26, 10),
(71, '033-1520F', 'EXTINTOR 15X20 MOD FOTOLUMINISCENTE', '0000-00-00 00:00:00', 0, 5, 10),
(72, '033-2025F', 'EXTINTOR 20X25 MOD FOTOLUMINISCENTE', '0000-00-00 00:00:00', 0, 26, 10),
(73, '033-3040N', 'EXTINTOR 30X40 MOD NORMAL', '0000-00-00 00:00:00', 0, 25, 10),
(74, '033-3040F', 'EXTINTOR 30X40 MOD FOTOLUMINISCENTE', '0000-00-00 00:00:00', 0, 7, 10),
(75, '034-2025N', 'HIDRATANTE 20X25 MOD NORMAL', '0000-00-00 00:00:00', 0, 5, 10),
(76, '034-3040N', 'HIDRATANTE 30X40 MOD NORMAL', '0000-00-00 00:00:00', 0, 0, 10),
(77, '035-2025N', 'HIDRATANTE Y EXTINTOR 20X25 MOD NORMAL', '0000-00-00 00:00:00', 0, 0, 10),
(78, '035-3040N', 'HIDRATANTE Y EXTINTOR 20X25 MOD NORMAL', '0000-00-00 00:00:00', 0, 0, 10),
(79, '036-3040N', 'TOMA SIAMESA 30X40 MOD NORMAL', '0000-00-00 00:00:00', 0, 0, 10),
(80, '037-2025N', 'EXTINTOR VERTICAL 20X25 MOD NORMAL', '0000-00-00 00:00:00', 0, 1, 10),
(81, '037-3040N', 'EXTINTOR VERTICAL 30X40 MOD NORMAL', '0000-00-00 00:00:00', 0, 0, 10),
(82, '038-2025N', 'EXTINTOR CO2 VERTICAL 20X25 MOD NORMAL', '0000-00-00 00:00:00', 0, 10, 10),
(83, '038-2025F', 'EXTINTOR CO2 VERTICAL 20X25 MOD FOTOLUMISCENTE', '0000-00-00 00:00:00', 0, 3, 10),
(84, '038-3040N', 'EXTINTOR CO2 VERTICAL 30X40 MOD NORMAL', '0000-00-00 00:00:00', 0, 0, 10),
(85, '038-3040F', 'EXTINTOR CO2 VERTICAL 30X40 MOD FOTOLUMISCENTE', '0000-00-00 00:00:00', 0, 0, 10),
(86, '039-20N', 'EXTINTOR C. 20X20 MOD NORMAL', '0000-00-00 00:00:00', 0, 3, 10),
(87, '042-20N', 'ALARMA 20X20 MOD NORMAL', '0000-00-00 00:00:00', 0, 4, 10),
(88, '045-3040N', 'GRACIAS POR NO FUMAR 30X40  MOD S/NORMAL', '0000-00-00 00:00:00', 0, 2, 10),
(89, '046-3040N', 'ESPACIO 100% LIBRE DE HUMO 30X40 S/NORMAL', '0000-00-00 00:00:00', 0, 7, 10),
(90, '048-3040N', 'PROHIBIDO FUMAR 30X40 MOD NORMAL', '0000-00-00 00:00:00', 0, 1, 10),
(91, '048-3040F', 'PROHIBIDO FUMAR 30X40 MOD FOTOLUMINISCENTE', '0000-00-00 00:00:00', 0, 1, 10),
(92, '049-3040N', 'PROHIBIDO ENCENDER FUEGO 30X40 MOD NORMAL', '0000-00-00 00:00:00', 0, 9, 10),
(93, '052-3040N', 'NO OBSTRUIR LOS PASILLOS 30X40 MOD NORMAL', '0000-00-00 00:00:00', 0, 1, 10),
(94, '057-3040N', 'NO USAR ROPA SUELTA 30X40 MOD NORMAL', '0000-00-00 00:00:00', 0, 2, 10),
(95, '060-3040N', 'PROHIBIDO LA ENTRADA A TODA PERSONA NO AUTORIZADA 30X40 MOD NORMAL', '0000-00-00 00:00:00', 0, 18, 10),
(96, '061-3040N', 'NO PASE AREA RESTINGIDA 30X40 MOD NORMAL', '0000-00-00 00:00:00', 0, 5, 10),
(97, '062-3040N', 'PROHIBIDO EL PASO 30X40 MOD NORMAL', '0000-00-00 00:00:00', 0, 10, 10),
(98, '062-3040F', 'PROHIBIDO EL PASO 30X40 MOD FOTOLUMINISCENTE', '0000-00-00 00:00:00', 0, 4, 10),
(99, '063-3040N', 'PROHIBIDO COMER O BEBER EN ESTA ?REA 30X40 MOD NORMAL', '0000-00-00 00:00:00', 0, 4, 10),
(100, '064-2025N', 'PROHIBIDO INTRODUCIR ALIMENTOS AJENOS A ESTE ESTABLECIMIENTO 20X25 MOD NORMAL', '0000-00-00 00:00:00', 0, 2, 10),
(101, '064-3040N', 'PROHIBIDO INTRODUCIR ALIMENTOS AJENOS A ESTE ESTABLECIMIENTO 30X40 MOD NORMAL', '0000-00-00 00:00:00', 0, 1, 10),
(102, '068-3040N', 'PROHIBIDO TRANSPORTAR PERSONAS 30X40 MOD NORMAL', '0000-00-00 00:00:00', 0, 2, 10),
(103, '069-3040N', 'PROHIBIDO PASAR CON MASCOTAS 30X40 MOD NORMAL', '0000-00-00 00:00:00', 0, 1, 10),
(104, '070-3040N', 'PROHIBIDO USAR JOYERIA 30X40 MOD NORMAL', '0000-00-00 00:00:00', 0, 5, 10),
(105, '072-2025N', 'NO TIRAR LOS PAPELES EN EL W.C 20X25 MOD NORMAL', '0000-00-00 00:00:00', 0, 5, 10),
(106, '072-3040N', 'NO TIRAR LOS PAPELES EN EL W.C 30X40 MOD NORMAL', '0000-00-00 00:00:00', 0, 4, 10),
(107, '073-3040N', 'NO TIRE LA TOALLA SANITARIA EN EL W.C 30X40 MOD NORMAL', '0000-00-00 00:00:00', 0, 6, 10),
(108, '074-3040N', 'NO TIRE LA BASURA FUERA DEL CESTO 30X40 MOD NORMAL', '0000-00-00 00:00:00', 0, 8, 10),
(109, '076-3040N', 'NO CORRO 30X40 MOD NORMAL', '0000-00-00 00:00:00', 0, 2, 10),
(110, '077-3040N', 'NO EMPUJO 30X40 MOD NORMAL', '0000-00-00 00:00:00', 0, 2, 10),
(111, '080-3040N', 'NO ESTACIONARSE 30X40 MOD NORMAL', '0000-00-00 00:00:00', 0, 3, 10),
(112, '082-3040N', 'NO ESTACIONARSE  SE USARA GRUA LAS 24HRS.30X40 MOD NORMAL', '0000-00-00 00:00:00', 0, 4, 10),
(113, '084-3040N', '?REA DE ESTACIONAMIENTO 30X40 MOD NORMAL', '0000-00-00 00:00:00', 0, 5, 10),
(114, '085-3040N', 'ALTO TOTAL 30X40 MOD NORMAL', '0000-00-00 00:00:00', 0, 4, 10),
(115, '086-25N', 'NO FUMAR 25X25 MOD NORMAL', '0000-00-00 00:00:00', 0, 3, 10),
(116, '086-15N', 'NO FUMAR 15X15 MOD NORMAL', '0000-00-00 00:00:00', 0, 7, 10),
(117, '088-25N', '?REA DE FUMADORES 25X25 MOD NORMAL', '0000-00-00 00:00:00', 0, 1, 10),
(118, '089-25N', 'N0 ORINAR NI SALPICAR FUERA DEL W.C 25X25 MOD NORMAL', '0000-00-00 00:00:00', 0, 2, 10),
(119, '089-20N', 'N0 ORINAR NI SALPICAR FUERA DEL W.C 20X20 MOD NORMAL', '0000-00-00 00:00:00', 0, 5, 10),
(120, '098-3040N', 'USO OBLIGATORIO DE CARETA PARA SOLDAR 30X40 MOD NORMAL', '0000-00-00 00:00:00', 0, 1, 10),
(121, '100-3040N', 'USO OBLIGATORIO DE GOGLES 30X40 MOD NORMAL', '0000-00-00 00:00:00', 0, 4, 10),
(122, '103-3040N', 'USO OBLIGATORIO DE CALZADO DE SEGURIDAD 30X40 MOD NORMAL', '0000-00-00 00:00:00', 0, 3, 10),
(123, '109-3040N', 'USO OBLIGATORIO DE GUANTES 30X40 MOD NORMAL', '0000-00-00 00:00:00', 0, 7, 10),
(124, '113-3040N', 'USO OBLIGATORIO DE ROPA DE TRABAJO 30X40 MOD NORMAL', '0000-00-00 00:00:00', 0, 6, 10),
(125, '114-3040N', 'USO OBLIGATORIO DE EQU?PO DE PROTECCI?N 30X40 MOD NORMAL', '0000-00-00 00:00:00', 0, 2, 10),
(126, '115-3040N', 'OBLIGATORIO REGISTRARSE PARA ACCESO 30X40 MOD NORMAL', '0000-00-00 00:00:00', 0, 4, 10),
(127, '116-3040N', 'USO OBLIGATORIO DE GAFETE  30X40 MOD NORMAL', '0000-00-00 00:00:00', 0, 3, 10),
(128, '121-3040N', 'UNIFORME OBLIGATORIO 30X40 MOD NORMAL', '0000-00-00 00:00:00', 0, 3, 10),
(129, '123-4050N', 'USO OBLIGATORIO EN ESTA ?REA/GOGLES /CUBRE BOCA/GUANTES/CALZADO DE SEGURIDAD  40X50 MOD NORMAL', '0000-00-00 00:00:00', 0, 2, 10),
(130, 'E08', 'PROTECCI?N FACIAL  15X17  MOD. ADHESIVO VINIL BLANCO', '0000-00-00 00:00:00', 0, 2, 10),
(131, 'E04', 'GOGLES 15X17  MOD ADHESIVO VINIL BLANCO', '0000-00-00 00:00:00', 0, 4, 10),
(132, 'E07', 'CASCO 15X17  MOD ADHESIVO VINIL BLANCO', '0000-00-00 00:00:00', 0, 5, 10),
(133, 'E09', 'FAJA 15X17 MOD ADHESIVO VINIL BLANCO', '0000-00-00 00:00:00', 0, 4, 10),
(134, 'E05', 'COFIA 15X17 MOD ADHESIVO VINIL BLANCO', '0000-00-00 00:00:00', 0, 5, 10),
(135, '124-3040N', 'PRECAUCI?N MATERIALES INFLAMABLES 30X40 MOD NORMAL', '0000-00-00 00:00:00', 0, 4, 10),
(136, '125-3040N', 'PRECAUCI?N L?QUIDOS INFLAMABLES 30X40 MOD NORMAL', '0000-00-00 00:00:00', 0, 3, 10),
(137, '129-2025N', 'PRECAUCI?N ALTO VOLTAJE 20X25 MOD NORMAL', '0000-00-00 00:00:00', 0, 3, 10),
(138, '130-2025N', 'PRECAUCI?N ALTA TENSI?N  20X25 MOD NORMAL', '0000-00-00 00:00:00', 0, 0, 10),
(139, '130-3040N', 'PRECAUCI?N ALTA TENSI?N  30X40 MOD NORMAL', '0000-00-00 00:00:00', 0, 4, 10),
(140, '131-2025N', 'PRECAUCI?N RIESGO EL?CTRICO 20X25 MOD NORMAL', '0000-00-00 00:00:00', 0, 11, 10),
(141, '131-3040N', 'PRECAUCI?N RIESGO EL?CTRICO 30X40 MOD NORMAL', '0000-00-00 00:00:00', 0, 5, 10),
(142, '138-2025N', 'PELIGRO 20X25 MOD NORMAL', '0000-00-00 00:00:00', 0, 4, 10),
(143, '138-3040N', 'PELIGRO 30X40 MOD NORMAL', '0000-00-00 00:00:00', 0, 4, 10),
(144, '141-3040N', 'PRECAUCI?N RIESGO BIOL?GICO 30X40 MOD NORMAL', '0000-00-00 00:00:00', 0, 3, 10),
(145, '143-3040N', 'PRECAUCI?N SUPERFICIE CALIENTE 30X40 MOD NORMAL', '0000-00-00 00:00:00', 0, 3, 10),
(146, '144-3040N', 'PRECAUCI?N PISO RESBALOSO 30X40 MOD NORMAL', '0000-00-00 00:00:00', 0, 4, 10),
(147, '150-3040N', 'PRECAUCI?N ?REA DE DESPERDICIOS 30X40 MOD NORMAL', '0000-00-00 00:00:00', 0, 4, 10),
(148, '155-3040N', 'PRECAUCI?N ZONA DE CARGA Y DESCARGA  30X40 MOD NORMAL', '0000-00-00 00:00:00', 0, 4, 10),
(149, '156-3040N', 'PRECAUCI?N ZONA DE CARGA Y DESCARGA  30X40 MOD NORMAL', '0000-00-00 00:00:00', 0, 2, 10),
(150, '157-3040N', 'PRECAUCI?N PERROS DE PROTECCI?N 30X40 MOD NORMAL', '0000-00-00 00:00:00', 0, 3, 10),
(151, '158-3040N', 'PRECAUCI?N INSTALACI?N DE GAS 30X40 MOD NORMAL', '0000-00-00 00:00:00', 0, 2, 10),
(152, '160-40N', 'ZONA DE RIESGO 40X40 MOD NORMAL', '0000-00-00 00:00:00', 0, 2, 10),
(153, '164-3040N', 'GUARDA LA HERRAMIENTA EN SU LUGAR 30X40 MOD NORMAL', '0000-00-00 00:00:00', 0, 9, 10),
(154, '165-3040N', 'INTENDENCIA 30X40 MOD NORMAL', '0000-00-00 00:00:00', 0, 2, 10),
(155, '169-2025N', 'USE EL PASAMANOS 20X25 MOD NORMAL', '0000-00-00 00:00:00', 0, 9, 10),
(156, '169-3040N', 'USE EL PASAMANOS 30X40 MOD NORMAL', '0000-00-00 00:00:00', 0, 2, 10),
(157, '172-3040N', 'APAGA EL EQUIPO CUANDO NO SE UTILICE 30X40 MOD NORMAL', '0000-00-00 00:00:00', 0, 4, 10),
(158, '175-3040N', 'ESTIBA MAXIMA TARIMAS 30X40 MOD NORMAL', '0000-00-00 00:00:00', 0, 1, 10),
(159, '176-3040N', 'CIERRA BIEN TU LOCKER 30X40 MOD NORMAL', '0000-00-00 00:00:00', 0, 4, 10),
(160, '177-3040N', 'REGADERAS Y VESTIDORES 30X40 MOD NORMAL', '0000-00-00 00:00:00', 0, 7, 10),
(161, '178-2025N', 'UN LUGAR LIMPIO ES UN LUGAR SEGURO 20X25 MOD NORMAL', '0000-00-00 00:00:00', 0, 5, 10),
(162, '179-3040N', 'CHECA QUE LAS LLAVES ESTEN BIEN CERRADAS 30X40 MOD NORMAL', '0000-00-00 00:00:00', 0, 2, 10),
(163, '180-3040N', 'CENTRO DE COMPUTO 30X40 MOD NORMAL', '0000-00-00 00:00:00', 0, 2, 10),
(164, '181-3040N', 'VIGILANCIA Y REGISTRO DE VISITANTES 30X40 MOD NORMAL', '0000-00-00 00:00:00', 0, 1, 10),
(165, '184-3040N', 'EL AGUA DE LOS LAVABOS NO ES POTABLE 30X40 MOD NORMAL', '0000-00-00 00:00:00', 0, 1, 10),
(166, '186-2025N', 'CONSERVA LIMPIA EL ?REA 20X25 MOD NORMAL', '0000-00-00 00:00:00', 0, 3, 10),
(167, '186-3040N', 'CONSERVA LIMPIA EL ?REA 30X40 MOD NORMAL', '0000-00-00 00:00:00', 0, 13, 10),
(168, '187-3040N', 'CONSERVA LIMPIA TU ESCUELA?30X40 MOD NORMAL', '0000-00-00 00:00:00', 0, 4, 10),
(169, '189-2025N', 'DEPOSITA LAS TOALLAS SANITARIAS EN EL CESTO 20X25 MOD NORMAL', '0000-00-00 00:00:00', 0, 10, 10),
(170, '190-2025N', 'UTILIZA LOS RECIPIENTES PARA TIRA LA BASURA 20X25 MOD NORMAL', '0000-00-00 00:00:00', 0, 2, 10),
(171, '190-3040N', 'UTILIZA LOS RECIPIENTES PARA TIRA LA BASURA 30X40 MOD NORMAL', '0000-00-00 00:00:00', 0, 6, 10),
(172, '191-2025N', 'SANITARIOS 20X25 MOD NORMAL', '0000-00-00 00:00:00', 0, 4, 10),
(173, '191-3040N', 'SANITARIOS 30X40 MOD NORMAL', '0000-00-00 00:00:00', 0, 6, 10),
(174, '192-3040N', 'SANITARIO DAMAS 30X40 MOD NORMAL', '0000-00-00 00:00:00', 0, 4, 10),
(175, '193-3040N', 'SANITARIO CABALLEROS 30X40 MOD NORMAL', '0000-00-00 00:00:00', 0, 5, 10),
(176, '194-2025N', 'SANITARIO  NI?AS 20X25 MOD NORMAL', '0000-00-00 00:00:00', 0, 2, 10),
(177, '195-2025N', 'SANITARO NI?OS 20X25 MOD NORMAL', '0000-00-00 00:00:00', 0, 2, 10),
(178, '195-3040N', 'SANITARO NI?OS 30X40 MOD NORMAL', '0000-00-00 00:00:00', 0, 1, 10),
(179, '196-3040N', 'UN BA?O LIMPIO HABLA BIEN DE QUIEN LO USA 30X40 MOD NORMAL', '0000-00-00 00:00:00', 0, 4, 10),
(180, '197-3040N', 'CONSERVA LIMPIO ESTE BA?O 30X40 MOD NORMAL', '0000-00-00 00:00:00', 0, 3, 10),
(181, '198-2025N', 'LAVATE LAS MANOS DESPUES DE USAR EL BA?O 20X25 MOD NORMAL', '0000-00-00 00:00:00', 0, 4, 10),
(182, '198-3040N', 'LAVATE LAS MANOS DESPUES DE USAR EL BA?O 30X40 MOD NORMAL', '0000-00-00 00:00:00', 0, 7, 10),
(183, '204-1020N', 'DIRECCI?N  10X20 MOD NORMAL', '0000-00-00 00:00:00', 0, 3, 10),
(184, '205-1020N', 'SALA DE JUNTAS 10X20 MOD NORMAL', '0000-00-00 00:00:00', 0, 6, 10),
(185, '206-1020N', 'RECEPCI?N  10X20 MOD NORMAL', '0000-00-00 00:00:00', 0, 2, 10),
(186, '207-1020N', 'OFICINA  10X20 MOD NORMAL', '0000-00-00 00:00:00', 0, 1, 10),
(187, '208-1020N', 'CAJA  10X20 MOD NORMAL', '0000-00-00 00:00:00', 0, 3, 10),
(188, '209-1020N', 'INFORMACI?N  10X20 MOD NORMAL', '0000-00-00 00:00:00', 0, 0, 10),
(189, '210-1020N', 'SALA DE ESPERA  10X20 MOD NORMAL', '0000-00-00 00:00:00', 0, 4, 10),
(190, '211-1020N', 'WIFI  10X20 MOD NORMAL', '0000-00-00 00:00:00', 0, 4, 10),
(191, '212-1020N', 'VIGILANCIA  10X20 MOD NORMAL', '0000-00-00 00:00:00', 0, 9, 10),
(192, '213-1020N', 'BASURA 10X20 MOD NORMAL', '0000-00-00 00:00:00', 0, 4, 10),
(193, '214-1020N', 'SANITARIOS  10X20 MOD NORMAL', '0000-00-00 00:00:00', 0, 9, 10),
(194, '215-1020N', 'CABALLEROS  10X20 MOD NORMAL', '0000-00-00 00:00:00', 0, 6, 10),
(195, '216-1020N', 'DAMAS  10X20 MOD NORMAL', '0000-00-00 00:00:00', 0, 5, 10),
(196, '217-1020N', 'CAFETERIA 10X20 MOD NORMAL', '0000-00-00 00:00:00', 0, 1, 10),
(197, '218-1020N', 'COMEDOR? 10X20 MOD NORMAL', '0000-00-00 00:00:00', 0, 4, 10),
(198, '220-2040N', 'ALMACEN?20X40 MOD NORMAL', '0000-00-00 00:00:00', 0, 7, 10),
(199, '221-2040N', 'MANTENIMIENTO? 20X40 MOD NORMAL', '0000-00-00 00:00:00', 0, 3, 10),
(200, '222-2040N', 'RECEPCI?N ?20X40 MOD NORMAL', '0000-00-00 00:00:00', 0, 2, 10),
(201, '223-2040N', 'BODEGA 20X40 MOD NORMAL', '0000-00-00 00:00:00', 0, 3, 10),
(202, '225-2040N', 'OFICINAS 20X40 MOD NORMAL', '0000-00-00 00:00:00', 0, 4, 10),
(203, '231-2040N', 'SALIDA 20X40 MOD NORMAL', '0000-00-00 00:00:00', 0, 5, 10),
(204, '233-5060N', 'SISTEMA PARA CLASIFICAR MATERIALES RIESGOSOS 50X60 MOD NORMAL', '0000-00-00 00:00:00', 0, 4, 10),
(205, '239-1520N', 'DAMAS  VERTICAL 15X20  MOD NORMAL', '0000-00-00 00:00:00', 0, 5, 10),
(206, '240-1520N', 'CABALLEROS VERTICAL  15X20 MOD NORMAL', '0000-00-00 00:00:00', 0, 5, 10),
(207, '243-20N', 'BASURA INORG?NICA 20X20  MOD NORMAL', '0000-00-00 00:00:00', 0, 5, 10),
(208, '244-20N', 'BASURA ORG?NICA 20X20  MOD NORMAL', '0000-00-00 00:00:00', 0, 5, 10),
(209, '245-3040N', 'BASURA INORG?NICA(papel,plasticos,metal etc) 30X40 MOD NORMAL', '0000-00-00 00:00:00', 0, 3, 10),
(210, '246-3040N', 'BASURA ORGANICA(fruta,verdura,carne etc) 30X40 MOD NORMAL', '0000-00-00 00:00:00', 0, 8, 10),
(211, '254-25N', 'TIRA BASURA S/IMAGEN 25X25 MOD NORMAL', '0000-00-00 00:00:00', 0, 4, 10),
(212, '284-1520N', 'EXTINTOR FLECHA ABAJO 15X20 MOD ACRILICO CRISTAL', '0000-00-00 00:00:00', 0, 1, 10),
(213, '287-1530F', 'RUTA DE EVACUACI?N IZQ 15X30 MOD FOTOLUMINISCENTE ACRILICO', '0000-00-00 00:00:00', 0, 4, 10),
(214, '294-25F', 'EXTINTOR DE PARED 25X25 BANDERA DOBLE VISTA', '0000-00-00 00:00:00', 0, 1, 10),
(215, 'COO2F01', 'EXTINTOR PORT?TIL DE PRESI?N CONTENIDA CAPACIDA 3/4 KG COLOR ROJO', '0000-00-00 00:00:00', 0, 14, 11),
(216, 'C003F01', 'EXTINTOR PORT?TIL DE PRESI?N CONTENIDA CAPACIDA 1 KG COLOR ROJO', '0000-00-00 00:00:00', 0, 4, 11),
(217, 'C018C07', 'EXTINTOR PORT?TIL DE PRESI?N CONTENIDA CAPACIDA 2 KG COLOR ROJO', '0000-00-00 00:00:00', 0, 10, 11),
(218, 'C005F01', 'EXTINTOR PORT?TIL DE PRESI?N CONTENIDA CAPACIDA 4.5 KG COLOR ROJO', '0000-00-00 00:00:00', 0, 15, 11),
(219, 'C007F01', 'EXTINTOR PORT?TIL DE PRESI?N CONTENIDA CAPACIDA 6 KG COLOR ROJO', '0000-00-00 00:00:00', 0, 25, 11),
(220, 'C008F01', 'EXTINTOR PORT?TIL DE PRESI?N CONTENIDA CAPACIDA 9 KG COLOR ROJO', '0000-00-00 00:00:00', 0, 10, 11),
(221, 'C009F01', 'EXTINTOR PORT?TIL DE PRESI?N CONTENIDA CAPACIDA 12 KG COLOR ROJO', '0000-00-00 00:00:00', 0, 0, 11),
(222, 'E004A30', 'EXTINTOR PORT?TIL DE PRESI?N CONTENIDA CAPACIDA 5LB COLOR ROJO MARCA BUCKEYE', '0000-00-00 00:00:00', 0, 0, 11),
(223, 'E005A30', 'EXTINTOR PORT?TIL DE PRESI?N CONTENIDA CAPACIDA 10LB COLOR ROJO MARCA BUCKEYE', '0000-00-00 00:00:00', 0, 0, 11),
(224, 'E002A26', 'EXTINTOR PORT?TIL DE PRESI?N CONTENIDA CAPACIDA 20LB COLOR ROJO MARCA BUCKEYE', '0000-00-00 00:00:00', 0, 0, 11),
(225, 'E010D30', 'EXTINTOR PORT?TIL DE PRESI?N CONTENIDA CAPACIDA 30LB COLOR ROJO MARCA BUCKEYE', '0000-00-00 00:00:00', 0, 0, 11),
(226, 'C012C01', 'EXTINTOR UNIDAD M?VIL DE PRESI?N CONTENIDA 34 KG COLOR ROJO EXTIN-FLAM', '0000-00-00 00:00:00', 0, 0, 11),
(227, 'C014C01', 'EXTINTOR UNIDAD M?VIL DE PRESI?N CONTENIDA 50 KG COLOR ROJO EXTIN-FLAM', '0000-00-00 00:00:00', 0, 0, 11),
(228, 'C016C01', 'EXTINTOR UNIDAD M?VIL DE PRESI?N CONTENIDA 68 KG COLOR ROJO EXTIN-FLAM', '0000-00-00 00:00:00', 0, 0, 11),
(229, 'C003F06', 'EXTINTOR PORT?TIL DE PRESI?N CONTENIDA A BASE DE HFC-236FA 1KG', '0000-00-00 00:00:00', 0, 0, 11),
(230, 'C004F06', 'EXTINTOR PORT?TIL DE PRESI?N CONTENIDA A BASE DE HFC-236FA 2KG', '0000-00-00 00:00:00', 0, 0, 11),
(231, 'C005F06', 'EXTINTOR PORT?TIL DE PRESI?N CONTENIDA A BASE DE HFC-236FA 4.5 KG', '0000-00-00 00:00:00', 0, 0, 11),
(232, 'C007F06', 'EXTINTOR PORT?TIL DE PRESI?N CONTENIDA A BASE DE HFC-236FA 6 KG', '0000-00-00 00:00:00', 0, 0, 11),
(233, '0005A06', 'EXTINTOR PORT?TIL DE PRESI?N CONTENIDA A BASE DE HFC-236FA 4.5 KG', '0000-00-00 00:00:00', 0, 0, 11),
(234, '0005B06', 'EXTINTOR PORT?TIL DE PRESI?N CONTENIDA A BASE DE HFC-236FA 4.5 KG', '0000-00-00 00:00:00', 0, 0, 11),
(235, '0007A06', 'EXTINTOR PORT?TIL DE PRESI?N CONTENIDA A BASE DE HFC-236FA 6 KG', '0000-00-00 00:00:00', 0, 0, 11),
(236, '0007B06', 'EXTINTOR PORT?TIL DE PRESI?N CONTENIDA A BASE DE HFC-236FA 6 KG', '0000-00-00 00:00:00', 0, 0, 11),
(237, 'E003B12', 'EXTINTOR PORT?TIL DE HALOTR?N/BADGER A BASE DE HALOTR?N 2.5L', '0000-00-00 00:00:00', 0, 0, 11),
(238, 'E003B13', 'EXTINTOR PORT?TIL DE HALOTR?N/BADGER A BASE DE HALOTR?N 5 L', '0000-00-00 00:00:00', 0, 0, 11),
(239, 'E006B12', 'EXTINTOR PORT?TIL DE HALOTR?N/BADGER A BASE DE HALOTR?N 11 L', '0000-00-00 00:00:00', 0, 0, 11),
(240, 'E007B12', 'EXTINTOR PORT?TIL DE HALOTR?N/BADGER A BASE DE HALOTR?N 15.5  L', '0000-00-00 00:00:00', 0, 0, 11),
(243, 'E002A26-H', 'EXTINTOR PORT?TIL DE HALOTR?N/BUCKEYE A BASE DE HALOTR?N 11 L', '0000-00-00 00:00:00', 0, 0, 11),
(244, 'E010D30-H', 'EXTINTOR PORT?TIL DE HALOTR?N/BUCKEYE A BASE DE HALOTR?N 15 L', '0000-00-00 00:00:00', 0, 0, 11),
(245, 'C011E10', 'EXTINTOR UNIDAD M?VIL DE PRESI?N C02 50 LB', '0000-00-00 00:00:00', 0, 0, 11),
(246, 'C013E10', 'EXTINTOR UNIDAD M?VIL DE PRESI?N C02 100 LB', '0000-00-00 00:00:00', 0, 0, 11),
(247, 'E004A20', 'EXTINTOR PORT?TIL DE Co2  5 LB MARCA BADGER', '0000-00-00 00:00:00', 0, 0, 11),
(248, 'E005A20', 'EXTINTOR PORT?TIL DE Co2  10 LB MARCA BADGER', '0000-00-00 00:00:00', 0, 0, 11),
(249, 'E007A20', 'EXTINTOR PORT?TIL DE Co2  15 LB MARCA BADGER', '0000-00-00 00:00:00', 0, 0, 11),
(250, 'E008A20', 'EXTINTOR PORT?TIL DE Co2  20 LB MARCA BADGER', '0000-00-00 00:00:00', 0, 0, 11),
(251, 'E004A35', 'EXTINTOR PORT?TIL DE Co2  5 LB MARCA BUCKEYE', '0000-00-00 00:00:00', 0, 0, 11),
(252, 'E005A35', 'EXTINTOR PORT?TIL DE Co2  10 LB MARCA BUCKEYE', '0000-00-00 00:00:00', 0, 0, 11),
(253, 'E007A25', 'EXTINTOR PORT?TIL DE Co2  15 LB MARCA BUCKEYE', '0000-00-00 00:00:00', 0, 0, 11),
(254, 'E008A30', 'EXTINTOR PORT?TIL DE Co2  20 LB MARCA BUCKEYE', '0000-00-00 00:00:00', 0, 0, 11),
(255, 'ROO7A12', 'MAN?METRO  MARCA EXTIN FLAM 1.7\"', '0000-00-00 00:00:00', 0, 4, 11),
(256, 'ROO7A13', 'MAN?METRO  MARCA EXTIN FLAM 1.2\"', '0000-00-00 00:00:00', 0, 23, 11),
(257, 'ROO8B02', 'V?LVULA PARA EXTINTOR DE 1\" PARA EQUIPOS DE [4.5 ,6.9, 12KG]', '0000-00-00 00:00:00', 0, 0, 11),
(258, 'ROO8B04', 'V?LVULA PARA EXTINTOR DE 3/4  PARA EQUIPOS DE [3/4 ,1, 2KG]', '0000-00-00 00:00:00', 0, 0, 11),
(259, 'ROO8B07', 'V?LVULA PARA EXTINTOR DE 34.50  PARA EQUIPOS DE [34 ,50, 68KG]', '0000-00-00 00:00:00', 0, 0, 11),
(260, 'R018A01', 'SOPORTE DE PARED PARA EXTINTORES  DE 4.5 A 12 KG', '0000-00-00 00:00:00', 0, 0, 11),
(261, 'RO18A03', 'SOPORTE DE TIPO ABRAZADERA PARA EXTINTOR 3/4 KG', '0000-00-00 00:00:00', 0, 6, 11),
(262, 'RO18A04', 'SOPORTE DE TIPO ABRAZADERA PARA EXTINTOR 1 KG', '0000-00-00 00:00:00', 0, 12, 11),
(263, 'RO18A05', 'SOPORTE DE TIPO ABRAZADERA PARA EXTINTOR 2 KG', '0000-00-00 00:00:00', 0, 10, 11),
(264, '005-EM', 'EMPAQUE PARA EXTINTOR MOD 005', '0000-00-00 00:00:00', 0, 0, 11),
(265, '009-EM', 'EMPAQUE PARA EXTINTOR MOD 009', '0000-00-00 00:00:00', 0, 0, 11),
(266, '114-EM', 'EMPAQUE PARA EXTINTOR MOD 114', '0000-00-00 00:00:00', 0, 0, 11),
(267, '312-EM', 'EMPAQUE PARA EXTINTOR MOD 312', '0000-00-00 00:00:00', 0, 0, 11),
(268, '203-EM', 'EMPAQUE PARA EXTINTOR MOD 203', '0000-00-00 00:00:00', 0, 0, 11),
(269, '210-EM', 'EMPAQUE PARA EXTINTOR MOD 210', '0000-00-00 00:00:00', 0, 0, 11),
(270, '112-EM', 'EMPAQUE PARA EXTINTOR MOD 112', '0000-00-00 00:00:00', 0, 0, 11),
(271, '215-EM', 'EMPAQUE PARA EXTINTOR MOD 215', '0000-00-00 00:00:00', 0, 0, 11),
(272, '316-EM', 'EMPAQUE PARA EXTINTOR MOD 315', '0000-00-00 00:00:00', 0, 0, 11),
(273, '000-EM', 'EMPAQUES PARA EXTINTOR VARIOS MODELOS Y MEDIDAS', '0000-00-00 00:00:00', 0, 0, 11),
(274, '07S0006', 'RESORTE DE 1\"   PARA V?LVULA DE 1\"', '0000-00-00 00:00:00', 0, 0, 11),
(275, '07S0001', 'RESORTE  DE 3/4\" PARA V?LVULA  DE 3/4\"', '0000-00-00 00:00:00', 0, 0, 11),
(276, 'R021A01', 'V?STAGO PARA V?LVULA DE 3/4 Y 1\"', '0000-00-00 00:00:00', 0, 0, 11),
(277, 'R024A01', 'SELLO DE SEGURIDAD COLOR BLANCO P.100,1000 ? 5000PZ(COLA DE RATA)', '0000-00-00 00:00:00', 0, 0, 11),
(278, 'R009A01', 'MANGUERA 3/8 CORTA PARA EXTINTOR DE PQS DE 4.5KG', '0000-00-00 00:00:00', 0, 0, 11),
(279, 'R009A02', 'MANGUERA 3/8 CORTA PARA EXTINTOR DE PQS DE 6,9 y 12KG', '0000-00-00 00:00:00', 0, 0, 11),
(280, 'R010A01', 'MANGUERA 1/2 CORTA PARA EXTINTOR DE PQS DE 34,50 y 68 kG', '0000-00-00 00:00:00', 0, 0, 11),
(281, 'N018S01', 'BOTIQUIN DE PRIMEROS AUXILIOS EXTIN-FLAM 20X20X6', '0000-00-00 00:00:00', 0, 3, 11),
(282, 'N019S01', 'BOTIQUIN DE PRIMEROS AUXILIOS EXTIN-FLAM 25X39X8', '0000-00-00 00:00:00', 0, 0, 11),
(283, 'N020S01', 'BOTIQUIN DE PRIMEROS AUXILIOS EXTIN-FLAM 30X40X10', '0000-00-00 00:00:00', 0, 8, 11),
(284, 'N021S01', 'BOTIQUIN DE PRIMEROS AUXILIOS EXTIN-FLAM 40X50X12', '0000-00-00 00:00:00', 0, 3, 11),
(285, 'N002R01', 'GABINETE PARA EXTINTOR DE 4.5 y 6 KG MOD.SIN PUERTA', '0000-00-00 00:00:00', 0, 0, 11),
(286, 'N003R01', 'GABINETE PARA EXTINTOR DE 9 y 12 KG MOD.SIN PUERTA', '0000-00-00 00:00:00', 0, 0, 11),
(287, 'N004R02', 'GABINETE PARA EXTINTOR DE 4.5  y 6 KG MOD.CON PUERTA y CHAPA', '0000-00-00 00:00:00', 0, 0, 11),
(288, 'N005R02', 'GABINETE PARA EXTINTOR DE 9  y 12 KG MOD.CON PUERTA y CHAPA', '0000-00-00 00:00:00', 0, 0, 11),
(289, 'M024E01', 'PORTAEXTINTORES TIPO CENICERO PARA EXTINTOR DE C02 DE 5 LB', '0000-00-00 00:00:00', 0, 0, 11),
(290, 'M008E01', 'PORTAEXTINTORES TIPO CENICERO PARA EXTINTOR DE C02 DE 4.5 A 9KG', '0000-00-00 00:00:00', 0, 0, 11),
(291, 'M008M01', 'PORTAEXTINTORES TIPO CENICERO AL CARBON PARA EXTINTOR DE C02 DE 4.5 A 9KG', '0000-00-00 00:00:00', 0, 0, 11),
(292, 'M005E01', 'PORTAEXTINTORES TIPO CENICERO PARA EXTINTOR DE C02 DE 10LB', '0000-00-00 00:00:00', 0, 0, 11),
(293, 'M007E03', 'PORTAEXTINTORES TIPO CENICERO MEDIA LUNA PARA EXTINTOR DE C02 DE 4.5 ? 6KG', '0000-00-00 00:00:00', 0, 0, 11),
(294, 'M007E02', 'PORTAEXTINTORES TIPO CENICERO CUADRADO PARA EXTINTOR DE C02 DE 4.5 ? 6KG', '0000-00-00 00:00:00', 0, 0, 11),
(295, 'M007E01', 'PORTAEXTINTORES TIPO CENICERO CIL?NDRICO PARA EXTINTOR DE C02 DE 4.5 ? 6KG', '0000-00-00 00:00:00', 0, 0, 11),
(296, 'P007A10', 'DETECTOR DE HUMO AUT?NOMO FG-250', '0000-00-00 00:00:00', 0, 2, 11),
(297, 'P007A09', 'DETECTOR DE HUMO AUT?NOMO SA-303', '0000-00-00 00:00:00', 0, 0, 11),
(298, 'Q012A01', 'RETARDANTE CARBON SHIELD DE 1 LT', '0000-00-00 00:00:00', 0, 0, 11),
(299, 'Q012B01', 'RETARDANTE CARBON SHIELD DE 19 LT', '0000-00-00 00:00:00', 0, 0, 11),
(300, 'Q013A21', 'RETARDANTE PARA PALAPA EXTERIOR DE 19 LT', '0000-00-00 00:00:00', 0, 0, 11),
(301, 'Q013A02', 'RETARDANTE PARA PALAPA INTERIOR DE 19 LT', '0000-00-00 00:00:00', 0, 0, 11),
(302, 'P004A01', 'CONO DE SE?ALIZACI?N PARA TR?FICO 41CM DE ALTURA', '0000-00-00 00:00:00', 0, 0, 11),
(303, 'P004A02', 'CONO DE SE?ALIZACI?N PARA TR?FICO 71CM DE ALTURA', '0000-00-00 00:00:00', 0, 0, 11),
(304, 'P004A03', 'CONO DE SE?ALIZACI?N PARA TR?FICO 91CM DE ALTURA', '0000-00-00 00:00:00', 0, 0, 11),
(305, 'P004A09', 'TRAFITAMBO SIN REFLEJANTE 43X109', '0000-00-00 00:00:00', 0, 0, 11),
(306, 'P004A10', 'TRAFITAMBO CON REFLEJANTE 43X109', '0000-00-00 00:00:00', 0, 0, 11),
(307, 'P009A01', 'BANDEROLA PARA TRACTOCAMI?N 45X45', '0000-00-00 00:00:00', 0, 0, 11),
(308, 'P009A02', 'BANDERIN PARA TRACTOCAMI?N 23X40', '0000-00-00 00:00:00', 0, 0, 11),
(309, 'P004A04', 'BOYA DE TR?NSITO AMARILLA POLIETILENO  10X10X1.8 CM', '0000-00-00 00:00:00', 0, 0, 11),
(310, 'P004A05', 'VIALETA DE SEGURIDAD AMARILLA 10X10X1.8 CM', '0000-00-00 00:00:00', 0, 0, 11),
(311, 'CSC-001', 'CASACA \"BRIGADA DE PREVENCI?N/COMBATE INCENDIO\"', '0000-00-00 00:00:00', 0, 13, 11),
(312, 'CSC-002', 'CASACA \"BRIGADA DE COMUNICACI?N\"', '0000-00-00 00:00:00', 0, 15, 11),
(313, 'CSC-003', 'CASACA \"BRIGADA DE RESCATE Y SALVAMIENTO\"', '0000-00-00 00:00:00', 0, 13, 11),
(314, 'CSC-004', 'CASACA\"JEFE DE BRIGADA\"', '0000-00-00 00:00:00', 0, 12, 11),
(315, 'CSC-005', 'CASACA\"BRIGADA DE PRIMEROS AUXILIOS\"', '0000-00-00 00:00:00', 0, 10, 11),
(316, 'CSC-006', 'CASACA\"BRIGADA DE EVACUACI?N Y RESCATE\"', '0000-00-00 00:00:00', 0, 13, 11),
(317, 'BRA-001', 'BRAZALETE\"BRIGADA CONTRA INCENDIO\"', '0000-00-00 00:00:00', 0, 13, 11),
(318, 'BRA-002', 'BRAZALETE\"BRIGADA DE RESCATE Y SALVAMIENTO\"', '0000-00-00 00:00:00', 0, 18, 11),
(319, 'BRA-003', 'BRAZALETE\"BRIGADA DE COMUNICACI?N\"', '0000-00-00 00:00:00', 0, 10, 11),
(320, 'BRA-004', 'BRAZALETE\"BRIGADA DE EVACUACI?N\"', '0000-00-00 00:00:00', 0, 22, 11),
(321, 'BRA-005', 'BRAZALETE\"JEFE DE BRIGADA\"', '0000-00-00 00:00:00', 0, 12, 11),
(322, 'BRA-007', 'BRAZALETE\"PRIMEROS AUXILIOS\"', '0000-00-00 00:00:00', 0, 12, 11),
(323, 'CSE-001', 'CASCO DE SEGURIDAD CLASE \"E\" TIPO CACHUCHA', '0000-00-00 00:00:00', 0, 0, 11),
(324, 'CH-001', 'CHALECO DE MALLA CON REFLEJANTE', '0000-00-00 00:00:00', 0, 0, 11),
(325, 'CHR-002', 'CHALECO RESCATISTA', '0000-00-00 00:00:00', 0, 0, 11),
(326, 'CINA-001', 'CINTA DELIMITADORAS DE ?REAS \"PRECAUCI?N\" 305M LONGITUD', '0000-00-00 00:00:00', 0, 0, 11),
(327, 'CINA-002', 'CINTA DELIMITADORAS DE ?REAS \"PROHIBIDO EL PASO\" 305M LONGITUD', '0000-00-00 00:00:00', 0, 0, 11),
(328, 'CINA-003', 'CINTA DELIMITADORAS DE ?REAS \"PELIGRO\" 305M LONGITUD', '0000-00-00 00:00:00', 0, 0, 11),
(329, 'CINP-001', 'CINTA PARA DELIMITAR PISOS \"NEGRA/AMARILLA\" LONGITUD 24 MTS', '0000-00-00 00:00:00', 0, 0, 11),
(330, 'CINP-002', 'CINTA PARA DELIMITAR PISOS \"AMARILLA\" LONGITUD 24 MTS', '0000-00-00 00:00:00', 0, 0, 11),
(331, 'CINP-003', 'CINTA PARA DELIMITAR PISOS \"ROJA\" LONGITUD 24 MTS', '0000-00-00 00:00:00', 0, 0, 11),
(332, 'REC-3-4K', 'RECARGA EXTINTOR 3/4 KG', '0000-00-00 00:00:00', 0, 0, 13),
(333, 'REC-01K', 'RECARGA EXTINTOR  01 KG', '0000-00-00 00:00:00', 0, 0, 13),
(334, 'REC-02K', 'RECARGA EXTINTOR 02 KG', '0000-00-00 00:00:00', 0, 0, 13),
(335, 'REC-4.5K', 'RECARGA EXTINTOR 4.5 KG', '0000-00-00 00:00:00', 0, 0, 13),
(336, 'REC-06K', 'RECARGA EXTINTOR 06 KG', '0000-00-00 00:00:00', 0, 0, 13),
(337, 'REC-09K', 'RECARGA EXTINTOR 09 KG', '0000-00-00 00:00:00', 0, 0, 13),
(338, 'REC-12K', 'RECARGA EXTINTOR 12 KG', '0000-00-00 00:00:00', 0, 0, 13),
(339, 'REC-35K', 'RECARGA EXTINTOR 35 KG', '0000-00-00 00:00:00', 0, 0, 13),
(340, 'REC-50K', 'RECARGA EXTINTOR 50 KG', '0000-00-00 00:00:00', 0, 0, 13),
(341, 'REC-70K', 'RECARGA EXTINTOR 70 KG', '0000-00-00 00:00:00', 0, 0, 13),
(342, 'REC-5LB', 'RECARGA EXTINTOR 5 LB', '0000-00-00 00:00:00', 0, 0, 13),
(343, 'REC-10LB', 'RECARGA EXTINTOR 10 LB', '0000-00-00 00:00:00', 0, 0, 13),
(344, 'REC-15LB', 'RECARGA EXTINTOR 15 LB', '0000-00-00 00:00:00', 0, 0, 13),
(345, 'REC-20LB', 'RECARGA EXTINTOR 20 LB', '0000-00-00 00:00:00', 0, 0, 13);

-- --------------------------------------------------------

--
-- Estructura de tabla para la tabla `recargas`
--

CREATE TABLE `recargas` (
  `id_recarga` int(100) NOT NULL,
  `id_tiporecarga` int(100) NOT NULL,
  `fecha_entrega` date NOT NULL,
  `total_orden` int(100) NOT NULL,
  `id_cliente` int(100) NOT NULL
) ENGINE=InnoDB DEFAULT CHARSET=ascii;

--
-- Volcado de datos para la tabla `recargas`
--

INSERT INTO `recargas` (`id_recarga`, `id_tiporecarga`, `fecha_entrega`, `total_orden`, `id_cliente`) VALUES
(1, 1, '2018-04-03', 10, 1);

-- --------------------------------------------------------

--
-- Estructura de tabla para la tabla `tipo_recarga`
--

CREATE TABLE `tipo_recarga` (
  `id_tiporecarga` int(100) NOT NULL,
  `codigo_recarga` varchar(100) NOT NULL
) ENGINE=InnoDB DEFAULT CHARSET=ascii;

--
-- Volcado de datos para la tabla `tipo_recarga`
--

INSERT INTO `tipo_recarga` (`id_tiporecarga`, `codigo_recarga`) VALUES
(1, 'RECARGA DE 3/4KG'),
(2, 'RECARGA DE 1KG'),
(3, 'RECARGA DE 2KG'),
(4, 'RECARGA DE 4.5KG'),
(5, 'RECARGA DE 6KG'),
(6, 'RECARGA DE 9KG'),
(7, 'RECARGA DE 12KG'),
(8, 'RECARGA DE 35 KG'),
(9, 'RECARGA DE 50KG'),
(10, 'RECARGA DE 70 KG'),
(11, 'RECARGA DE 5 LIBRAS'),
(12, 'RECARGA DE 10 LIBRAS'),
(13, 'RECARGA DE 15 LIBRAS '),
(14, 'RECARGA DE 6 LITROS'),
(15, 'RECARGA DE 9 LITROS');

-- --------------------------------------------------------

--
-- Estructura de tabla para la tabla `tmp`
--

CREATE TABLE `tmp` (
  `id` int(11) NOT NULL,
  `descripcion` varchar(255) COLLATE utf8_unicode_ci NOT NULL,
  `cantidad` int(11) NOT NULL,
  `precio` decimal(10,2) NOT NULL
) ENGINE=MyISAM DEFAULT CHARSET=utf8 COLLATE=utf8_unicode_ci;

-- --------------------------------------------------------

--
-- Estructura de tabla para la tabla `trabajador`
--

CREATE TABLE `trabajador` (
  `id_trabajador` int(200) NOT NULL,
  `nombres_trabajador` varchar(200) CHARACTER SET utf8 COLLATE utf8_unicode_ci NOT NULL,
  `apellidos_trabajador` varchar(200) CHARACTER SET utf8 COLLATE utf8_unicode_ci NOT NULL,
  `telefono_trabajador` int(200) NOT NULL
) ENGINE=InnoDB DEFAULT CHARSET=ascii;

--
-- Volcado de datos para la tabla `trabajador`
--

INSERT INTO `trabajador` (`id_trabajador`, `nombres_trabajador`, `apellidos_trabajador`, `telefono_trabajador`) VALUES
(1, 'IRAM', 'UCH POOT', 0),
(2, 'ALDO RODEL', 'CASTRO LÒPEZ', 0),
(3, 'JORGE ANDRÈS', 'MENDOZA ZETINA', 0),
(4, 'WENDY E', 'UCH POOT', 0),
(5, 'JESUS GUADALUPE', 'SOLIS REYES', 0),
(6, 'MAXIMO', 'HAY GONZALEZ', 0);

-- --------------------------------------------------------

--
-- Estructura de tabla para la tabla `users`
--

CREATE TABLE `users` (
  `user_id` int(11) NOT NULL COMMENT 'auto incrementing user_id of each user, unique index',
  `firstname` varchar(20) COLLATE utf8_unicode_ci NOT NULL,
  `lastname` varchar(20) COLLATE utf8_unicode_ci NOT NULL,
  `user_name` varchar(64) COLLATE utf8_unicode_ci NOT NULL COMMENT 'user''s name, unique',
  `user_password_hash` varchar(255) COLLATE utf8_unicode_ci NOT NULL COMMENT 'user''s password in salted and hashed format',
  `user_email` varchar(64) COLLATE utf8_unicode_ci NOT NULL COMMENT 'user''s email, unique',
  `date_added` datetime NOT NULL
) ENGINE=InnoDB DEFAULT CHARSET=utf8 COLLATE=utf8_unicode_ci COMMENT='user data';

--
-- Volcado de datos para la tabla `users`
--

INSERT INTO `users` (`user_id`, `firstname`, `lastname`, `user_name`, `user_password_hash`, `user_email`, `date_added`) VALUES
(1, 'Obed', 'Alvarado', 'admin', '$2y$10$MPVHzZ2ZPOWmtUUGCq3RXu31OTB.jo7M9LZ7PmPQYmgETSNn19ejO', 'admin@admin.com', '2016-12-19 15:06:00'),
(2, 'Marlon', 'Manuel', 'marlon', '$2y$10$8YQuo16Uq0uitgyGUv2pcOywOLoXetMelP3OxE1YmIXYHFIkUnvli', 'marlonmanuel342@gmail.com', '2018-04-10 22:36:14');

--
-- Índices para tablas volcadas
--

--
-- Indices de la tabla `categorias`
--
ALTER TABLE `categorias`
  ADD PRIMARY KEY (`id_categoria`);

--
-- Indices de la tabla `clientes`
--
ALTER TABLE `clientes`
  ADD PRIMARY KEY (`id`);

--
-- Indices de la tabla `detalle`
--
ALTER TABLE `detalle`
  ADD PRIMARY KEY (`id`);

--
-- Indices de la tabla `historial`
--
ALTER TABLE `historial`
  ADD PRIMARY KEY (`id_historial`),
  ADD KEY `id_producto` (`id_producto`);

--
-- Indices de la tabla `perfil`
--
ALTER TABLE `perfil`
  ADD PRIMARY KEY (`id`);

--
-- Indices de la tabla `presupuestos`
--
ALTER TABLE `presupuestos`
  ADD PRIMARY KEY (`id`);

--
-- Indices de la tabla `products`
--
ALTER TABLE `products`
  ADD PRIMARY KEY (`id_producto`),
  ADD UNIQUE KEY `codigo_producto` (`codigo_producto`);

--
-- Indices de la tabla `recargas`
--
ALTER TABLE `recargas`
  ADD PRIMARY KEY (`id_recarga`);

--
-- Indices de la tabla `tipo_recarga`
--
ALTER TABLE `tipo_recarga`
  ADD PRIMARY KEY (`id_tiporecarga`);

--
-- Indices de la tabla `tmp`
--
ALTER TABLE `tmp`
  ADD PRIMARY KEY (`id`);

--
-- Indices de la tabla `trabajador`
--
ALTER TABLE `trabajador`
  ADD PRIMARY KEY (`id_trabajador`);

--
-- Indices de la tabla `users`
--
ALTER TABLE `users`
  ADD PRIMARY KEY (`user_id`),
  ADD UNIQUE KEY `user_name` (`user_name`),
  ADD UNIQUE KEY `user_email` (`user_email`);

--
-- AUTO_INCREMENT de las tablas volcadas
--

--
-- AUTO_INCREMENT de la tabla `categorias`
--
ALTER TABLE `categorias`
  MODIFY `id_categoria` int(11) NOT NULL AUTO_INCREMENT, AUTO_INCREMENT=14;

--
-- AUTO_INCREMENT de la tabla `clientes`
--
ALTER TABLE `clientes`
  MODIFY `id` int(11) NOT NULL AUTO_INCREMENT;

--
-- AUTO_INCREMENT de la tabla `detalle`
--
ALTER TABLE `detalle`
  MODIFY `id` int(11) NOT NULL AUTO_INCREMENT, AUTO_INCREMENT=25;

--
-- AUTO_INCREMENT de la tabla `historial`
--
ALTER TABLE `historial`
  MODIFY `id_historial` int(11) NOT NULL AUTO_INCREMENT;

--
-- AUTO_INCREMENT de la tabla `perfil`
--
ALTER TABLE `perfil`
  MODIFY `id` int(11) NOT NULL AUTO_INCREMENT, AUTO_INCREMENT=2;

--
-- AUTO_INCREMENT de la tabla `presupuestos`
--
ALTER TABLE `presupuestos`
  MODIFY `id` int(11) NOT NULL AUTO_INCREMENT, AUTO_INCREMENT=24;

--
-- AUTO_INCREMENT de la tabla `products`
--
ALTER TABLE `products`
  MODIFY `id_producto` int(11) NOT NULL AUTO_INCREMENT, AUTO_INCREMENT=346;

--
-- AUTO_INCREMENT de la tabla `recargas`
--
ALTER TABLE `recargas`
  MODIFY `id_recarga` int(100) NOT NULL AUTO_INCREMENT, AUTO_INCREMENT=2;

--
-- AUTO_INCREMENT de la tabla `tipo_recarga`
--
ALTER TABLE `tipo_recarga`
  MODIFY `id_tiporecarga` int(100) NOT NULL AUTO_INCREMENT, AUTO_INCREMENT=16;

--
-- AUTO_INCREMENT de la tabla `tmp`
--
ALTER TABLE `tmp`
  MODIFY `id` int(11) NOT NULL AUTO_INCREMENT, AUTO_INCREMENT=27;

--
-- AUTO_INCREMENT de la tabla `trabajador`
--
ALTER TABLE `trabajador`
  MODIFY `id_trabajador` int(200) NOT NULL AUTO_INCREMENT, AUTO_INCREMENT=7;

--
-- AUTO_INCREMENT de la tabla `users`
--
ALTER TABLE `users`
  MODIFY `user_id` int(11) NOT NULL AUTO_INCREMENT COMMENT 'auto incrementing user_id of each user, unique index', AUTO_INCREMENT=3;

--
-- Restricciones para tablas volcadas
--

--
-- Filtros para la tabla `historial`
--
ALTER TABLE `historial`
  ADD CONSTRAINT `fk_id_producto` FOREIGN KEY (`id_producto`) REFERENCES `products` (`id_producto`) ON DELETE CASCADE;
COMMIT;

/*!40101 SET CHARACTER_SET_CLIENT=@OLD_CHARACTER_SET_CLIENT */;
/*!40101 SET CHARACTER_SET_RESULTS=@OLD_CHARACTER_SET_RESULTS */;
/*!40101 SET COLLATION_CONNECTION=@OLD_COLLATION_CONNECTION */;
